name,seqres
EFPT,EFPT
CEML,CEML
KSVT,KSVT
SMSN,SMSN
AAYQ,AAYQ
KQTG,KQTG
WFPD,WFPD
FYVR,FYVR
RYSH,RYSH
TFKF,TFKF
LLRT,LLRT
IERA,IERA
KPHD,KPHD
GMMY,GMMY
RGQL,RGQL
NYER,NYER
NDWN,NDWN
WKWY,WKWY
QNCY,QNCY
FFSG,FFSG
WEFG,WEFG
FCGM,FCGM
EDTS,EDTS
PEGV,PEGV
RTNT,RTNT
NNPT,NNPT
DENA,DENA
YEPH,YEPH
NSYF,NSYF
IYGF,IYGF
DTGE,DTGE
TWWQ,TWWQ
FRID,FRID
MRVV,MRVV
ITDP,ITDP
IVFN,IVFN
PYDT,PYDT
LPGP,LPGP
MGNM,MGNM
TFWF,TFWF
LFHI,LFHI
HYGW,HYGW
LWPA,LWPA
FLDY,FLDY
QKAD,QKAD
QYTM,QYTM
YMSS,YMSS
NWWL,NWWL
FHWL,FHWL
HFFG,HFFG
DGNM,DGNM
HWPA,HWPA
VAEY,VAEY
LKSL,LKSL
HYAN,HYAN
PEYE,PEYE
QLFI,QLFI
CGNH,CGNH
EVFQ,EVFQ
FSQR,FSQR
ETIT,ETIT
CNNF,CNNF
ETRW,ETRW
MKPK,MKPK
YAQK,YAQK
GMLH,GMLH
WANF,WANF
TQVG,TQVG
THGW,THGW
NSGW,NSGW
HPLH,HPLH
TWDS,TWDS
SCQK,SCQK
WQCY,WQCY
FIRG,FIRG
PSMR,PSMR
THIC,THIC
KQRT,KQRT
LICP,LICP
DLYC,DLYC
WMDW,WMDW
QYRQ,QYRQ
WDWF,WDWF
NGYG,NGYG
CRTL,CRTL
QADM,QADM
GVVY,GVVY
EWNK,EWNK
MWGY,MWGY
SLHS,SLHS
PTHA,PTHA
ANIP,ANIP
ANMY,ANMY
RMMC,RMMC
MWCA,MWCA
PTRW,PTRW
ADSC,ADSC
PYRM,PYRM
QVLA,QVLA
KSLG,KSLG
GLCK,GLCK
QIEG,QIEG
PGNE,PGNE
IPRW,IPRW
HTSM,HTSM
IPEM,IPEM
NQRK,NQRK
WVTA,WVTA
SFIT,SFIT
VDEF,VDEF
NDPC,NDPC
VVKC,VVKC
TSTY,TSTY
QRCV,QRCV
SQFR,SQFR
KTLL,KTLL
TYHA,TYHA
CIAC,CIAC
KIED,KIED
ANFS,ANFS
KTNF,KTNF
KAAC,KAAC
ADYH,ADYH
EKIA,EKIA
HWRN,HWRN
DKYV,DKYV
DQPA,DQPA
DIFK,DIFK
MFVD,MFVD
HWLK,HWLK
TDQK,TDQK
DFIC,DFIC
LDDQ,LDDQ
DAWF,DAWF
TDPL,TDPL
QCQW,QCQW
MKHG,MKHG
PCPL,PCPL
MLPR,MLPR
NDNV,NDNV
LTPR,LTPR
YRVC,YRVC
HVHQ,HVHQ
YMPM,YMPM
FGMM,FGMM
RFLT,RFLT
SEAH,SEAH
VHHC,VHHC
SMAS,SMAS
GSLP,GSLP
NQEF,NQEF
DEPV,DEPV
THHL,THHL
QSAP,QSAP
VVLI,VVLI
AGVI,AGVI
STYP,STYP
FYWL,FYWL
SWGL,SWGL
SSTS,SSTS
LDGR,LDGR
LKLW,LKLW
RYPT,RYPT
TTHG,TTHG
SFQK,SFQK
SNID,SNID
KGCR,KGCR
MVHP,MVHP
FDNC,FDNC
TFRF,TFRF
LHIM,LHIM
RCKP,RCKP
MYYA,MYYA
ALQG,ALQG
DTCD,DTCD
MLPY,MLPY
RLEH,RLEH
LQLG,LQLG
LNWY,LNWY
GLQK,GLQK
GITD,GITD
NPDS,NPDS
MDKA,MDKA
DLYV,DLYV
AAKD,AAKD
WRPI,WRPI
MIQK,MIQK
WDDK,WDDK
YNKT,YNKT
VIHL,VIHL
ERQS,ERQS
AYIY,AYIY
NHDQ,NHDQ
TKAK,TKAK
VRNG,VRNG
IPVY,IPVY
SQVM,SQVM
KTTF,KTTF
KGHN,KGHN
RTSK,RTSK
IAIM,IAIM
FGGV,FGGV
SHPE,SHPE
QDFY,QDFY
SEME,SEME
EKME,EKME
YSCA,YSCA
PTMP,PTMP
KEWD,KEWD
TGPT,TGPT
ILIG,ILIG
AAKQ,AAKQ
SGLQ,SGLQ
LQRL,LQRL
TTLY,TTLY
PFGV,PFGV
FPCE,FPCE
VSFH,VSFH
PHEV,PHEV
EHLC,EHLC
FFSV,FFSV
DCVV,DCVV
RPEY,RPEY
WYNA,WYNA
FLKS,FLKS
EPWP,EPWP
PMPK,PMPK
DNCQ,DNCQ
MYCF,MYCF
FLHM,FLHM
WYIG,WYIG
LNPR,LNPR
HLSN,HLSN
CQYS,CQYS
QQSD,QQSD
RSAH,RSAH
SNCV,SNCV
DIGN,DIGN
WKRV,WKRV
NYQM,NYQM
PFTA,PFTA
QASA,QASA
WQRR,WQRR
FFRN,FFRN
WKSH,WKSH
HEGV,HEGV
SIKA,SIKA
YSGC,YSGC
HRND,HRND
VFWY,VFWY
NFRP,NFRP
PVVH,PVVH
YQIW,YQIW
QNFH,QNFH
ISFP,ISFP
YLCA,YLCA
NQSC,NQSC
SMYW,SMYW
HWTP,HWTP
ARGH,ARGH
CRMN,CRMN
FKWW,FKWW
QNMV,QNMV
EWLN,EWLN
MSLN,MSLN
AFCQ,AFCQ
WKPH,WKPH
IKQG,IKQG
GADR,GADR
AKCN,AKCN
PMMV,PMMV
LDPH,LDPH
QMKT,QMKT
EANQ,EANQ
HILY,HILY
DGCA,DGCA
QWFI,QWFI
RRCY,RRCY
AQFQ,AQFQ
PICC,PICC
GPGP,GPGP
IAYH,IAYH
MHGM,MHGM
WMFD,WMFD
VHTK,VHTK
NWPN,NWPN
LKRV,LKRV
GFYF,GFYF
QTSK,QTSK
HPNK,HPNK
QTSA,QTSA
FGAR,FGAR
ITWF,ITWF
LRTE,LRTE
AEAF,AEAF
FHLQ,FHLQ
PIAC,PIAC
QWPL,QWPL
KDKI,KDKI
STSR,STSR
PTIG,PTIG
QIVA,QIVA
MKCC,MKCC
WSYN,WSYN
NAWY,NAWY
YVLE,YVLE
VCRV,VCRV
MHAQ,MHAQ
TSWC,TSWC
QKYR,QKYR
TFIL,TFIL
ITKR,ITKR
DVGL,DVGL
FVEL,FVEL
CGPF,CGPF
GPSL,GPSL
LQPT,LQPT
WKLD,WKLD
MRLH,MRLH
TYAM,TYAM
VNAK,VNAK
CEIA,CEIA
WQDT,WQDT
SRQV,SRQV
CLHA,CLHA
TPEA,TPEA
EEKV,EEKV
NHEL,NHEL
NKCC,NKCC
VVSN,VVSN
EETC,EETC
GTEV,GTEV
NMYR,NMYR
PYYT,PYYT
FRCR,FRCR
AMQN,AMQN
KDYC,KDYC
QNIE,QNIE
MMDH,MMDH
MWLR,MWLR
AELN,AELN
KNQT,KNQT
TNHK,TNHK
TDNF,TDNF
YPDQ,YPDQ
NTDP,NTDP
SEGL,SEGL
PMWQ,PMWQ
CPQA,CPQA
PDPH,PDPH
NYWT,NYWT
WTIN,WTIN
TQLE,TQLE
HFAP,HFAP
NSCW,NSCW
LVTE,LVTE
CWWT,CWWT
PECP,PECP
WGWE,WGWE
FYTW,FYTW
LHGA,LHGA
PFGR,PFGR
SNIA,SNIA
HPIQ,HPIQ
KWMG,KWMG
VIWL,VIWL
LEIC,LEIC
LSIQ,LSIQ
VSSK,VSSK
ICDY,ICDY
FFCC,FFCC
IFWQ,IFWQ
YWWI,YWWI
HTDL,HTDL
DPDA,DPDA
HLYC,HLYC
SVCF,SVCF
VGNK,VGNK
IKGW,IKGW
DVFC,DVFC
PKSC,PKSC
CAML,CAML
INCE,INCE
QEKW,QEKW
EGSR,EGSR
NDAL,NDAL
VGCC,VGCC
AHVE,AHVE
KSKE,KSKE
VPKS,VPKS
AQYS,AQYS
CHYC,CHYC
EVNN,EVNN
VQVG,VQVG
ECDG,ECDG
CSIT,CSIT
EEFG,EEFG
AFRN,AFRN
NLSK,NLSK
DSQY,DSQY
ELHH,ELHH
SNFS,SNFS
SYPG,SYPG
DFAK,DFAK
QAQD,QAQD
IIDS,IIDS
MFSG,MFSG
LANN,LANN
KKNF,KKNF
VLNM,VLNM
DEWW,DEWW
LEHK,LEHK
SMVW,SMVW
IING,IING
GIIY,GIIY
IHGP,IHGP
PEFC,PEFC
RKHR,RKHR
DRPY,DRPY
CPVD,CPVD
CKVF,CKVF
PEID,PEID
LPRM,LPRM
PRRA,PRRA
YFTF,YFTF
VWGW,VWGW
AGTA,AGTA
NRHA,NRHA
VNVC,VNVC
KHRY,KHRY
RAKD,RAKD
YGPH,YGPH
GCHN,GCHN
TDRL,TDRL
HRLK,HRLK
PWRH,PWRH
KKTN,KKTN
TELH,TELH
EKTL,EKTL
TWVR,TWVR
SHQN,SHQN
TCIA,TCIA
THKW,THKW
VGES,VGES
KMHT,KMHT
VDYD,VDYD
KVYT,KVYT
KGFR,KGFR
NWNG,NWNG
PQPK,PQPK
FKVT,FKVT
VIDA,VIDA
AQMK,AQMK
LGCI,LGCI
AWDV,AWDV
AHKR,AHKR
HAPF,HAPF
LINW,LINW
SNYD,SNYD
KVFQ,KVFQ
SWML,SWML
NMHN,NMHN
RVSQ,RVSQ
MYCI,MYCI
WQPN,WQPN
VNRT,VNRT
QHTR,QHTR
RCRP,RCRP
HCWT,HCWT
GQSH,GQSH
RTHG,RTHG
NQQL,NQQL
SNHN,SNHN
MKIF,MKIF
YYHC,YYHC
YRMP,YRMP
SHQH,SHQH
WAWT,WAWT
TFIS,TFIS
DDWR,DDWR
AMDV,AMDV
ADRK,ADRK
HMHR,HMHR
FNAG,FNAG
EMYK,EMYK
WVSQ,WVSQ
AHFV,AHFV
RQHV,RQHV
TQYA,TQYA
AIWE,AIWE
CMKR,CMKR
IKWC,IKWC
RFML,RFML
VCGS,VCGS
RTNP,RTNP
MTYG,MTYG
MINS,MINS
DIKD,DIKD
KNFC,KNFC
ENSS,ENSS
MSPW,MSPW
VAYR,VAYR
YSME,YSME
LKTH,LKTH
PGHR,PGHR
LPAH,LPAH
QCWM,QCWM
GWSQ,GWSQ
IVSP,IVSP
YYFW,YYFW
WMAW,WMAW
LLDC,LLDC
WTHH,WTHH
GCQH,GCQH
WTGS,WTGS
LFGA,LFGA
LREV,LREV
TYGD,TYGD
VHTR,VHTR
CGCQ,CGCQ
FVIH,FVIH
GQFY,GQFY
ELYA,ELYA
EMRT,EMRT
DGDL,DGDL
QEPC,QEPC
NHDA,NHDA
IISC,IISC
NSMN,NSMN
GLTR,GLTR
CISI,CISI
RGVQ,RGVQ
KDMC,KDMC
SGYG,SGYG
ENNH,ENNH
NDPM,NDPM
AYAE,AYAE
DFWH,DFWH
GDII,GDII
GFKP,GFKP
CAYP,CAYP
KHDS,KHDS
GAWV,GAWV
TTNE,TTNE
FEDH,FEDH
YTAV,YTAV
AMVW,AMVW
LSQT,LSQT
NECR,NECR
GLGA,GLGA
PNYQ,PNYQ
KSTF,KSTF
KVCI,KVCI
RKIS,RKIS
PILN,PILN
GCCR,GCCR
SVCQ,SVCQ
WVLQ,WVLQ
LLGC,LLGC
HAWM,HAWM
AVQK,AVQK
NPGA,NPGA
TPEW,TPEW
SDNG,SDNG
PIQV,PIQV
YIMK,YIMK
NYMG,NYMG
LTYP,LTYP
GTTS,GTTS
FERD,FERD
EIGH,EIGH
CPKM,CPKM
QSNI,QSNI
HSKL,HSKL
CWEM,CWEM
NDWV,NDWV
FFIR,FFIR
CNSC,CNSC
KTGN,KTGN
RGSY,RGSY
CVLQ,CVLQ
NKNQ,NKNQ
CWYK,CWYK
SSRN,SSRN
KNGD,KNGD
PECK,PECK
NRKC,NRKC
HTAN,HTAN
NSKE,NSKE
ALFY,ALFY
KWPM,KWPM
CFTK,CFTK
PDKM,PDKM
TQIS,TQIS
DEWM,DEWM
EHMK,EHMK
IYNR,IYNR
HAFR,HAFR
DECE,DECE
WYVV,WYVV
GCPK,GCPK
DRKK,DRKK
KEVR,KEVR
WNWC,WNWC
PAYK,PAYK
QKEE,QKEE
QGEC,QGEC
LYGF,LYGF
IWAR,IWAR
GRAR,GRAR
AIYC,AIYC
TTVF,TTVF
HFLW,HFLW
NARM,NARM
RHRA,RHRA
QQDS,QQDS
FHSL,FHSL
AVDA,AVDA
HERQ,HERQ
TMMP,TMMP
PEMT,PEMT
AAFS,AAFS
QEEG,QEEG
ATMV,ATMV
CAFW,CAFW
LSGH,LSGH
YKLV,YKLV
MPNS,MPNS
CKMP,CKMP
KKYS,KKYS
IITA,IITA
PAIY,PAIY
WDCD,WDCD
RSDW,RSDW
QPAL,QPAL
EYPW,EYPW
FCWC,FCWC
CFRY,CFRY
QLCG,QLCG
QETE,QETE
TCNV,TCNV
DQFR,DQFR
HKTS,HKTS
GWDT,GWDT
SFMN,SFMN
GHMF,GHMF
HDRQ,HDRQ
RTNL,RTNL
YNKP,YNKP
KDIG,KDIG
LECA,LECA
RRGK,RRGK
LNPY,LNPY
IMVW,IMVW
PVDS,PVDS
RERF,RERF
KAER,KAER
FMGP,FMGP
PSAT,PSAT
VKEQ,VKEQ
CKCE,CKCE
TAAR,TAAR
QPRA,QPRA
HEAH,HEAH
LCNA,LCNA
DEMY,DEMY
TEPE,TEPE
WNLY,WNLY
SPHG,SPHG
GQHQ,GQHQ
ADYM,ADYM
FQYW,FQYW
VSDD,VSDD
NAKM,NAKM
QMDQ,QMDQ
SDAK,SDAK
HLDH,HLDH
SCCY,SCCY
HGSC,HGSC
RAVV,RAVV
KCND,KCND
LIDG,LIDG
GGMD,GGMD
PFRW,PFRW
NMLG,NMLG
NWSN,NWSN
TRGN,TRGN
MIYA,MIYA
IFAS,IFAS
QICA,QICA
VTIL,VTIL
NYLP,NYLP
QFGT,QFGT
GLDV,GLDV
DHNR,DHNR
NYRP,NYRP
CDKL,CDKL
WQSQ,WQSQ
ADPG,ADPG
FEHM,FEHM
DHFW,DHFW
WSSW,WSSW
FPMF,FPMF
SLLD,SLLD
KVRS,KVRS
ITNH,ITNH
GLAR,GLAR
CACL,CACL
HFDQ,HFDQ
LDPE,LDPE
FIQA,FIQA
WFSN,WFSN
NQQC,NQQC
CGWR,CGWR
QMDV,QMDV
QCEQ,QCEQ
YNKS,YNKS
ALCP,ALCP
RRKI,RRKI
GPCV,GPCV
HISI,HISI
QVAD,QVAD
DFWV,DFWV
WEAM,WEAM
CFWG,CFWG
GCWP,GCWP
PHPC,PHPC
AVSM,AVSM
TSPC,TSPC
MWLF,MWLF
RHSI,RHSI
HKQL,HKQL
IPTF,IPTF
SSNP,SSNP
ATLL,ATLL
SAHD,SAHD
YNQP,YNQP
RPSF,RPSF
TCHS,TCHS
AVGR,AVGR
HYPI,HYPI
PQYL,PQYL
GNIA,GNIA
LWQD,LWQD
SHSC,SHSC
FNCR,FNCR
VAGR,VAGR
YNLS,YNLS
NSLF,NSLF
MIIM,MIIM
RYPG,RYPG
DCQI,DCQI
PMFI,PMFI
CIFL,CIFL
TIRG,TIRG
CRVF,CRVF
WHEL,WHEL
ALWP,ALWP
CMKC,CMKC
PWID,PWID
ESTM,ESTM
EHDY,EHDY
EMIR,EMIR
NAWM,NAWM
LNCW,LNCW
FYDK,FYDK
WKEG,WKEG
HHCG,HHCG
NKPS,NKPS
FCDI,FCDI
HDSC,HDSC
PAYR,PAYR
YFMV,YFMV
NTGH,NTGH
SREK,SREK
FYCL,FYCL
GFHM,GFHM
EQCV,EQCV
GREQ,GREQ
NYCP,NYCP
EKER,EKER
SAIS,SAIS
RHIQ,RHIQ
AITQ,AITQ
FEAT,FEAT
PKPF,PKPF
HIMN,HIMN
DSSQ,DSSQ
KKYC,KKYC
YSST,YSST
LETH,LETH
PSFA,PSFA
VQLN,VQLN
LCCH,LCCH
MNWM,MNWM
DNTG,DNTG
YRQF,YRQF
NPIF,NPIF
AISE,AISE
ECGH,ECGH
WQRL,WQRL
YMKK,YMKK
IWQA,IWQA
TLRF,TLRF
HGYL,HGYL
SHPF,SHPF
WVNW,WVNW
QKIH,QKIH
REVN,REVN
CQAA,CQAA
YMCK,YMCK
GCAE,GCAE
IYCC,IYCC
LHPT,LHPT
HYGI,HYGI
MVPE,MVPE
LGKM,LGKM
WGRS,WGRS
GSIK,GSIK
KPPN,KPPN
MNGQ,MNGQ
EYCW,EYCW
SCWT,SCWT
IGNE,IGNE
DAVK,DAVK
EWIH,EWIH
NTWM,NTWM
ADSL,ADSL
QHHD,QHHD
YAYE,YAYE
CTVL,CTVL
YPNQ,YPNQ
GSTY,GSTY
NYDY,NYDY
SITI,SITI
TWNQ,TWNQ
KWRC,KWRC
IVKV,IVKV
QHKL,QHKL
HRRT,HRRT
SLIP,SLIP
EPYW,EPYW
WYST,WYST
KRQD,KRQD
KDKA,KDKA
LVTY,LVTY
PLKQ,PLKQ
DFTH,DFTH
PRYH,PRYH
HKEW,HKEW
DMII,DMII
MKSQ,MKSQ
AGAE,AGAE
KSCD,KSCD
STKQ,STKQ
THTI,THTI
KDNF,KDNF
KAHG,KAHG
RGQA,RGQA
QDKS,QDKS
QSIS,QSIS
NMSV,NMSV
WAAK,WAAK
GYRA,GYRA
METL,METL
VYAY,VYAY
HAQA,HAQA
HETA,HETA
KVYK,KVYK
VYCP,VYCP
LLGG,LLGG
YQLI,YQLI
AYLP,AYLP
FIVM,FIVM
WMAS,WMAS
CTRV,CTRV
NMDG,NMDG
FPDC,FPDC
CIYD,CIYD
GSKT,GSKT
CGFR,CGFR
TRSH,TRSH
MVSL,MVSL
RRKV,RRKV
VLQI,VLQI
VSAC,VSAC
DWSM,DWSM
NHNN,NHNN
AFYN,AFYN
EDDP,EDDP
DHMM,DHMM
QTHP,QTHP
TTPK,TTPK
KWHA,KWHA
WCTW,WCTW
ELHW,ELHW
PRGH,PRGH
KTSE,KTSE
HFIG,HFIG
PRTR,PRTR
GTPP,GTPP
APLR,APLR
FPAW,FPAW
WNGE,WNGE
EYQP,EYQP
KHDF,KHDF
WELM,WELM
KPRK,KPRK
YSVA,YSVA
TQSV,TQSV
VMIK,VMIK
RNHG,RNHG
SLGK,SLGK
ETEG,ETEG
MWKN,MWKN
TVHD,TVHD
TPHR,TPHR
SIHY,SIHY
LLWM,LLWM
EVGN,EVGN
NKIP,NKIP
PQDM,PQDM
YDMK,YDMK
CTPI,CTPI
FYEH,FYEH
NENL,NENL
ETVQ,ETVQ
NLYD,NLYD
SIRG,SIRG
PGIN,PGIN
QSMW,QSMW
HMLW,HMLW
QSLR,QSLR
CCNM,CCNM
LKAW,LKAW
TIKC,TIKC
RPFF,RPFF
SIVL,SIVL
TVYC,TVYC
HWRD,HWRD
PVDL,PVDL
RVSH,RVSH
QGGV,QGGV
ERLR,ERLR
IYTM,IYTM
KSYI,KSYI
KPGM,KPGM
WTFI,WTFI
ICAC,ICAC
TSMW,TSMW
PIRF,PIRF
NKRN,NKRN
VFNR,VFNR
QQRK,QQRK
KFMW,KFMW
PHVT,PHVT
KQFW,KQFW
DHQD,DHQD
SHLR,SHLR
ADDC,ADDC
RKQI,RKQI
PPFQ,PPFQ
VECA,VECA
EPSY,EPSY
RAYD,RAYD
QRFT,QRFT
CYAI,CYAI
NSYW,NSYW
VEGM,VEGM
PVKV,PVKV
CGEF,CGEF
QDEA,QDEA
EFET,EFET
QTCH,QTCH
LIFR,LIFR
CQNM,CQNM
HHPD,HHPD
GFIK,GFIK
TTLH,TTLH
SGED,SGED
PRPE,PRPE
GIDF,GIDF
DVSH,DVSH
CCVH,CCVH
KTCF,KTCF
ISYI,ISYI
NQII,NQII
GPCY,GPCY
HCVE,HCVE
FSYV,FSYV
SIAV,SIAV
VVNC,VVNC
VCHD,VCHD
DTDS,DTDS
CFVK,CFVK
VNDH,VNDH
VHWL,VHWL
CSCE,CSCE
KQFR,KQFR
EFDP,EFDP
RDAI,RDAI
PTMQ,PTMQ
SDGG,SDGG
PTVI,PTVI
MIMP,MIMP
QSVW,QSVW
ETQH,ETQH
KVCK,KVCK
QRSE,QRSE
CQAE,CQAE
HVFE,HVFE
EHHR,EHHR
IKYC,IKYC
YWPA,YWPA
PGVW,PGVW
EHGF,EHGF
IQDC,IQDC
YVHI,YVHI
TMFP,TMFP
AEDA,AEDA
PCTW,PCTW
FNGV,FNGV
AHVD,AHVD
CGIY,CGIY
CYFW,CYFW
GQCG,GQCG
NTSW,NTSW
WYSQ,WYSQ
WCLH,WCLH
GHCP,GHCP
YPMN,YPMN
WCPF,WCPF
MVGK,MVGK
DCVI,DCVI
WRPF,WRPF
VEDP,VEDP
WWNS,WWNS
PQFN,PQFN
ITGY,ITGY
QRWD,QRWD
FPDR,FPDR
EKQQ,EKQQ
FWYD,FWYD
TYYL,TYYL
THCL,THCL
RGTI,RGTI
ALVA,ALVA
LEWG,LEWG
RVQH,RVQH
LFAS,LFAS
SVHG,SVHG
SREG,SREG
GVDR,GVDR
MMVT,MMVT
VPGH,VPGH
YTQD,YTQD
DYPH,DYPH
RRMG,RRMG
AVDP,AVDP
EVKQ,EVKQ
LTFC,LTFC
KATL,KATL
MYKA,MYKA
RYCC,RYCC
VHKY,VHKY
LVMI,LVMI
YHFK,YHFK
RLNQ,RLNQ
EMEV,EMEV
DPGV,DPGV
AAWQ,AAWQ
FDDC,FDDC
SKLN,SKLN
LCEE,LCEE
VVWW,VVWW
KLQI,KLQI
DHDA,DHDA
RTQF,RTQF
STTP,STTP
FFEI,FFEI
IKCN,IKCN
ACWP,ACWP
AWGE,AWGE
HYRY,HYRY
FFVR,FFVR
CEEV,CEEV
LQMY,LQMY
SACN,SACN
MWWT,MWWT
IDQT,IDQT
QGCS,QGCS
WRLE,WRLE
AAPH,AAPH
NTKN,NTKN
FMSK,FMSK
MGLI,MGLI
YECV,YECV
RFID,RFID
CEDK,CEDK
ILEE,ILEE
RAMW,RAMW
FPTQ,FPTQ
HRCR,HRCR
FIMH,FIMH
KIPT,KIPT
NNNH,NNNH
ANWL,ANWL
ARTD,ARTD
APDW,APDW
AFCR,AFCR
FQPT,FQPT
ALNI,ALNI
FNWC,FNWC
SYEV,SYEV
IMYD,IMYD
TRVA,TRVA
RAMI,RAMI
QCTI,QCTI
NQRE,NQRE
YEPV,YEPV
CWAK,CWAK
LFCK,LFCK
NESI,NESI
WHQL,WHQL
DGVF,DGVF
NHPH,NHPH
YSQT,YSQT
PWDL,PWDL
FEDQ,FEDQ
YMPP,YMPP
RNCR,RNCR
NWWQ,NWWQ
VMVQ,VMVQ
YSSP,YSSP
QHKQ,QHKQ
FPVM,FPVM
ADHT,ADHT
ATSY,ATSY
DLPV,DLPV
ETRD,ETRD
MHVD,MHVD
VIHG,VIHG
FDEA,FDEA
TSNQ,TSNQ
YSIF,YSIF
QIII,QIII
RGGM,RGGM
VAMH,VAMH
CVGQ,CVGQ
RPYI,RPYI
DEFL,DEFL
QHPN,QHPN
MLEP,MLEP
IEDW,IEDW
YLWR,YLWR
DHHD,DHHD
KSWF,KSWF
AVKM,AVKM
SRER,SRER
AMNH,AMNH
MDDM,MDDM
CGNP,CGNP
GEHF,GEHF
PLPD,PLPD
FSHK,FSHK
AISH,AISH
GDAN,GDAN
CQYQ,CQYQ
AGEQ,AGEQ
RQWE,RQWE
RRQL,RRQL
WHGN,WHGN
PKYY,PKYY
CCIM,CCIM
KWRL,KWRL
LTTE,LTTE
MYNQ,MYNQ
SSAI,SSAI
LYCT,LYCT
CMPV,CMPV
HVCL,HVCL
NRKH,NRKH
KECR,KECR
TWKA,TWKA
WASS,WASS
KKIY,KKIY
VAFT,VAFT
LDVC,LDVC
YEPK,YEPK
CISD,CISD
NMWE,NMWE
CVNT,CVNT
TLDK,TLDK
CYGK,CYGK
PVTT,PVTT
HDDC,HDDC
LGLF,LGLF
LAQN,LAQN
NTFF,NTFF
KISF,KISF
GVLP,GVLP
LNVM,LNVM
NAGK,NAGK
NHNV,NHNV
LRCW,LRCW
WMYG,WMYG
GCYY,GCYY
CSYK,CSYK
PDLM,PDLM
WSWA,WSWA
GQSL,GQSL
NWRM,NWRM
EEHP,EEHP
WCYP,WCYP
NNAM,NNAM
MHHK,MHHK
FGFS,FGFS
KPLK,KPLK
TYPI,TYPI
CDRS,CDRS
WMFH,WMFH
HEWG,HEWG
PQNW,PQNW
QVQH,QVQH
NTPI,NTPI
VMVI,VMVI
RHAT,RHAT
PKKF,PKKF
IIHN,IIHN
LVNS,LVNS
YTSK,YTSK
IAGS,IAGS
KNGE,KNGE
GESD,GESD
IAKF,IAKF
QPDG,QPDG
CLEN,CLEN
MQHR,MQHR
YRFL,YRFL
RTPP,RTPP
IVKA,IVKA
KDPY,KDPY
SSFF,SSFF
YKPE,YKPE
NEDG,NEDG
YEGS,YEGS
FGGQ,FGGQ
NDFM,NDFM
HNEC,HNEC
NQLR,NQLR
RLVW,RLVW
NVFD,NVFD
PMNY,PMNY
RLHA,RLHA
DIII,DIII
WMLQ,WMLQ
KACN,KACN
IATA,IATA
LIAS,LIAS
SVSF,SVSF
CKIS,CKIS
YNFT,YNFT
CKGC,CKGC
EQIV,EQIV
FRKQ,FRKQ
VAWY,VAWY
NWPG,NWPG
RIHV,RIHV
TIEC,TIEC
NLYT,NLYT
CTYK,CTYK
FTQN,FTQN
WVER,WVER
VPII,VPII
DKNM,DKNM
MYEK,MYEK
WYWF,WYWF
IDVQ,IDVQ
SWTV,SWTV
DTVE,DTVE
CDKP,CDKP
WEEQ,WEEQ
AFRC,AFRC
NTKQ,NTKQ
KQED,KQED
PESP,PESP
HDTQ,HDTQ
VHHE,VHHE
SWGA,SWGA
YEHR,YEHR
EDWE,EDWE
QSVY,QSVY
AMWP,AMWP
VLHP,VLHP
KEYR,KEYR
ECKA,ECKA
LIAN,LIAN
SFHW,SFHW
VCHQ,VCHQ
CHYW,CHYW
PVPV,PVPV
SPSG,SPSG
LRIA,LRIA
YQYS,YQYS
GGLV,GGLV
DTTL,DTTL
TKKN,TKKN
QIYT,QIYT
NMYD,NMYD
EFRP,EFRP
FTIK,FTIK
WLWV,WLWV
CKVC,CKVC
TPIG,TPIG
WEWH,WEWH
QCVC,QCVC
NTDK,NTDK
WDCT,WDCT
RMKF,RMKF
LRIY,LRIY
FETM,FETM
ECRP,ECRP
RFVF,RFVF
VQIP,VQIP
DQEE,DQEE
MVLS,MVLS
CYIT,CYIT
FNPE,FNPE
IAGE,IAGE
LMWK,LMWK
GQAS,GQAS
LEWQ,LEWQ
IGHI,IGHI
ICMM,ICMM
MEDM,MEDM
FGRY,FGRY
VGWW,VGWW
KDIN,KDIN
RGRW,RGRW
YGES,YGES
HNTA,HNTA
EGNH,EGNH
VNTW,VNTW
PPVQ,PPVQ
PWWA,PWWA
MTHR,MTHR
NKCN,NKCN
IGRL,IGRL
FIWM,FIWM
PGTT,PGTT
HGAE,HGAE
PMWS,PMWS
KWNC,KWNC
GFDW,GFDW
QKKG,QKKG
HVTG,HVTG
SGET,SGET
AWKW,AWKW
TRPE,TRPE
RVHE,RVHE
EEPS,EEPS
CVSY,CVSY
SRPE,SRPE
LMMY,LMMY
CSDW,CSDW
RIHP,RIHP
YDTM,YDTM
YTYT,YTYT
GSHI,GSHI
NCRV,NCRV
MGVK,MGVK
LWNY,LWNY
MYWC,MYWC
ETST,ETST
NCVV,NCVV
TIEI,TIEI
DMMK,DMMK
NMIR,NMIR
EFVF,EFVF
KTSK,KTSK
EQFD,EQFD
PVMD,PVMD
IGYL,IGYL
LLLM,LLLM
HDRC,HDRC
QGCV,QGCV
WQPH,WQPH
DRWA,DRWA
MVVG,MVVG
TMMC,TMMC
KVYN,KVYN
AIIA,AIIA
FNYS,FNYS
HRCA,HRCA
IAWP,IAWP
VDYL,VDYL
VICL,VICL
HYDA,HYDA
ADSA,ADSA
TYYT,TYYT
SQRL,SQRL
EIQM,EIQM
HRNL,HRNL
DQVF,DQVF
PTWK,PTWK
LCSY,LCSY
FHST,FHST
DKQV,DKQV
PFSM,PFSM
QLAQ,QLAQ
EDMF,EDMF
EKEN,EKEN
LMPW,LMPW
CALR,CALR
RPAY,RPAY
HVCH,HVCH
GVQA,GVQA
TLGN,TLGN
QFIR,QFIR
LKYW,LKYW
MTWR,MTWR
VRMD,VRMD
LLFQ,LLFQ
CEVE,CEVE
MDDA,MDDA
WPVP,WPVP
DTVI,DTVI
WGVM,WGVM
DYDT,DYDT
NWKV,NWKV
DLPC,DLPC
LEMF,LEMF
VHVQ,VHVQ
RVWF,RVWF
KNDW,KNDW
EAMT,EAMT
IQLT,IQLT
HYYY,HYYY
PEGN,PEGN
TRQR,TRQR
EIML,EIML
ETGF,ETGF
QQSV,QQSV
KFIP,KFIP
TVAM,TVAM
GTHA,GTHA
QCHI,QCHI
IGIR,IGIR
HQLS,HQLS
QYQM,QYQM
PNEP,PNEP
RKSK,RKSK
AAYG,AAYG
ATCM,ATCM
DDCH,DDCH
NTAF,NTAF
LHNG,LHNG
ECIA,ECIA
EWAA,EWAA
CKSK,CKSK
MDTH,MDTH
DNCP,DNCP
NLDP,NLDP
KFVS,KFVS
TSLV,TSLV
QVCA,QVCA
DPDM,DPDM
LSGA,LSGA
MLVC,MLVC
IAPM,IAPM
CGFY,CGFY
VIHV,VIHV
GLRD,GLRD
EYDE,EYDE
FNEP,FNEP
DIMC,DIMC
AFIC,AFIC
KFMD,KFMD
YFNI,YFNI
HTMD,HTMD
EKFN,EKFN
NFII,NFII
MNHN,MNHN
PFGK,PFGK
EWSD,EWSD
SGMK,SGMK
SHTM,SHTM
RFQL,RFQL
LNTY,LNTY
EWPT,EWPT
KINA,KINA
YYED,YYED
LGSD,LGSD
CRNH,CRNH
NNSK,NNSK
SPIQ,SPIQ
KWQV,KWQV
KKQA,KKQA
TSFI,TSFI
NPFE,NPFE
MKCE,MKCE
EQKH,EQKH
WENH,WENH
VDLI,VDLI
WVDF,WVDF
FFAM,FFAM
SPSP,SPSP
TWKI,TWKI
TWTC,TWTC
RTGE,RTGE
SFSI,SFSI
WTEF,WTEF
DIFH,DIFH
QFGV,QFGV
NRRP,NRRP
GHHS,GHHS
IYMN,IYMN
TTWT,TTWT
NVSG,NVSG
LAKQ,LAKQ
WNAI,WNAI
GHWG,GHWG
SPPG,SPPG
FWKT,FWKT
ERKH,ERKH
WWLW,WWLW
MNKM,MNKM
RITQ,RITQ
MFMR,MFMR
KVHQ,KVHQ
TFFD,TFFD
FWFT,FWFT
LHLT,LHLT
LQQF,LQQF
CWVA,CWVA
IRQW,IRQW
EGHH,EGHH
VHLC,VHLC
TVKK,TVKK
QSQH,QSQH
DFIT,DFIT
IGRW,IGRW
FVHC,FVHC
TERW,TERW
KFSH,KFSH
FECP,FECP
DWFG,DWFG
SWIH,SWIH
KGTR,KGTR
HEII,HEII
PHDF,PHDF
QLQA,QLQA
RLYF,RLYF
TGYA,TGYA
KRKH,KRKH
YQCY,YQCY
MPWS,MPWS
SQTV,SQTV
RRNV,RRNV
HPCP,HPCP
SVRC,SVRC
GHVA,GHVA
LNVW,LNVW
PSRY,PSRY
ICRN,ICRN
YTNI,YTNI
YGIM,YGIM
GGNN,GGNN
TWEG,TWEG
NCYT,NCYT
WNDT,WNDT
EVSF,EVSF
KCDN,KCDN
YYVE,YYVE
RFVY,RFVY
AVIG,AVIG
AVKT,AVKT
KKLH,KKLH
MLTD,MLTD
TPMH,TPMH
LAQY,LAQY
GDIH,GDIH
NVEM,NVEM
THMI,THMI
EMLC,EMLC
TFCW,TFCW
RVQA,RVQA
WHED,WHED
SLRQ,SLRQ
CKHA,CKHA
INVT,INVT
QHTI,QHTI
VQYL,VQYL
FSWQ,FSWQ
SFSW,SFSW
KPFI,KPFI
QIND,QIND
KWYI,KWYI
IVFD,IVFD
TYSC,TYSC
KYGD,KYGD
KDID,KDID
HQTQ,HQTQ
SACQ,SACQ
VYIV,VYIV
PNLV,PNLV
MHFD,MHFD
KWCN,KWCN
GMRN,GMRN
PIHW,PIHW
QRYQ,QRYQ
GESI,GESI
WCHK,WCHK
HQTR,HQTR
PNDQ,PNDQ
SRIN,SRIN
FLWG,FLWG
NGSN,NGSN
GKSF,GKSF
PCMM,PCMM
DQPL,DQPL
SYQY,SYQY
YYTT,YYTT
VIRS,VIRS
LSSM,LSSM
RACV,RACV
KSTA,KSTA
NFTQ,NFTQ
CVVM,CVVM
WTNV,WTNV
LCVG,LCVG
IMTD,IMTD
HTHW,HTHW
GNEP,GNEP
NGQG,NGQG
TFKL,TFKL
SVYH,SVYH
TVCM,TVCM
CQYY,CQYY
FFSS,FFSS
TWVS,TWVS
KMKK,KMKK
VNVQ,VNVQ
PWEA,PWEA
LDIG,LDIG
DFVM,DFVM
SAAE,SAAE
NQPC,NQPC
ADMI,ADMI
ETDI,ETDI
FCCD,FCCD
EDVT,EDVT
YPLG,YPLG
CLCS,CLCS
CTTS,CTTS
KYLL,KYLL
QVGN,QVGN
KPRW,KPRW
DEQN,DEQN
KHAQ,KHAQ
TFSK,TFSK
MMTS,MMTS
QQHD,QQHD
CSYV,CSYV
DYGS,DYGS
ITKD,ITKD
LWLA,LWLA
GKRS,GKRS
YWLV,YWLV
EFAN,EFAN
MPMS,MPMS
MAYH,MAYH
PCRG,PCRG
WEKY,WEKY
MGED,MGED
AQQM,AQQM
CYCW,CYCW
IEDM,IEDM
NEND,NEND
SFEE,SFEE
FQNE,FQNE
LPLF,LPLF
MQCV,MQCV
YDYS,YDYS
IDCA,IDCA
EWDN,EWDN
TGWP,TGWP
SPWD,SPWD
DIDS,DIDS
EVTC,EVTC
KMIK,KMIK
GDSE,GDSE
DCYA,DCYA
YLET,YLET
LLCC,LLCC
TGEQ,TGEQ
IMWR,IMWR
WQQW,WQQW
QPPG,QPPG
AMEV,AMEV
TYEF,TYEF
DGHR,DGHR
HPHP,HPHP
GHHY,GHHY
ARNE,ARNE
ACTC,ACTC
PTNL,PTNL
KWWQ,KWWQ
EPSF,EPSF
PIDQ,PIDQ
QTIW,QTIW
DAMF,DAMF
RKGV,RKGV
DDHT,DDHT
TFIR,TFIR
LQQC,LQQC
RDWA,RDWA
FINQ,FINQ
VRAK,VRAK
FDEE,FDEE
RTCP,RTCP
LHWM,LHWM
KDNC,KDNC
VLVP,VLVP
VFEW,VFEW
QIIN,QIIN
DSQR,DSQR
LNDW,LNDW
VIPR,VIPR
HQWN,HQWN
NLDH,NLDH
MSHM,MSHM
STGT,STGT
YQYH,YQYH
KLRI,KLRI
MMKE,MMKE
VRKW,VRKW
VKYE,VKYE
DEAH,DEAH
PECI,PECI
CADI,CADI
VSAK,VSAK
ENMS,ENMS
PSSQ,PSSQ
DKCQ,DKCQ
IDCS,IDCS
SLLK,SLLK
DPHG,DPHG
HMFA,HMFA
WRHF,WRHF
KPKS,KPKS
NEPY,NEPY
CMIN,CMIN
KAYQ,KAYQ
TTMH,TTMH
DDVL,DDVL
ERPG,ERPG
KKMP,KKMP
TENK,TENK
LNWM,LNWM
GHAL,GHAL
WMKD,WMKD
FIWK,FIWK
SWMY,SWMY
LYHF,LYHF
MKYP,MKYP
REMS,REMS
AMFA,AMFA
YSYT,YSYT
EKKW,EKKW
LRTG,LRTG
RFMT,RFMT
LHHW,LHHW
KAPS,KAPS
TFTD,TFTD
IMSG,IMSG
YKMQ,YKMQ
CPPP,CPPP
FMDA,FMDA
YYAM,YYAM
GTSS,GTSS
ALYP,ALYP
RYND,RYND
WWFL,WWFL
WYAT,WYAT
CIMM,CIMM
IVHK,IVHK
RYSF,RYSF
ENEA,ENEA
WPFT,WPFT
QVLH,QVLH
ECFV,ECFV
HQPP,HQPP
SQQV,SQQV
NRTP,NRTP
WEEA,WEEA
ICNQ,ICNQ
KVDG,KVDG
GSLK,GSLK
CMVY,CMVY
GNNK,GNNK
IRQM,IRQM
ASHG,ASHG
PHEM,PHEM
NNSM,NNSM
ADRM,ADRM
TAYW,TAYW
FCDK,FCDK
ETYQ,ETYQ
MMYF,MMYF
FLIM,FLIM
GKFT,GKFT
IQAK,IQAK
GINY,GINY
VILD,VILD
CPLH,CPLH
LVHQ,LVHQ
LCKP,LCKP
RVNH,RVNH
HCGK,HCGK
HCQH,HCQH
GFKI,GFKI
AGET,AGET
AIHM,AIHM
QITF,QITF
RWFE,RWFE
GYED,GYED
PCSM,PCSM
CREN,CREN
ASAL,ASAL
VRTV,VRTV
AQVE,AQVE
QFND,QFND
FGGR,FGGR
KEAT,KEAT
CRVT,CRVT
PKKG,PKKG
PHQM,PHQM
PAKY,PAKY
IYSC,IYSC
GVVM,GVVM
IKLF,IKLF
HHYG,HHYG
SACL,SACL
GQCS,GQCS
AQIM,AQIM
FCVN,FCVN
HVWG,HVWG
NADT,NADT
MHKK,MHKK
VWLY,VWLY
FPCQ,FPCQ
PEKW,PEKW
AFYP,AFYP
TQYY,TQYY
VECI,VECI
KWFQ,KWFQ
TIEG,TIEG
STHY,STHY
QSAM,QSAM
RNDD,RNDD
EQHA,EQHA
VCFH,VCFH
YRWF,YRWF
VQKH,VQKH
CSRT,CSRT
PRNF,PRNF
ADIG,ADIG
FHNV,FHNV
NVAH,NVAH
WYLN,WYLN
DKWK,DKWK
GIWI,GIWI
MEEF,MEEF
HCMM,HCMM
TLIM,TLIM
PYKV,PYKV
YATS,YATS
QMQW,QMQW
KMLA,KMLA
ALWW,ALWW
WKHD,WKHD
DVHP,DVHP
EYHF,EYHF
DLSY,DLSY
NIRC,NIRC
GGFI,GGFI
RGWM,RGWM
SWMR,SWMR
FNQD,FNQD
WMAY,WMAY
ITKT,ITKT
LIAV,LIAV
CHTP,CHTP
QIDD,QIDD
PHAG,PHAG
IDNA,IDNA
DHSC,DHSC
EWLA,EWLA
FSLW,FSLW
QEYK,QEYK
LHHR,LHHR
VQYS,VQYS
VDQD,VDQD
RGGL,RGGL
ERTH,ERTH
WYDD,WYDD
EMFN,EMFN
DKEP,DKEP
TLCW,TLCW
QSHE,QSHE
IDLS,IDLS
KKRT,KKRT
CHQI,CHQI
PLWC,PLWC
VIVA,VIVA
KDTG,KDTG
PTVC,PTVC
YICD,YICD
CKRT,CKRT
DIDP,DIDP
DTEI,DTEI
GIAK,GIAK
KQLM,KQLM
PYPN,PYPN
LFLK,LFLK
MRGF,MRGF
FAMD,FAMD
TNTS,TNTS
MMIA,MMIA
HPQM,HPQM
FHEQ,FHEQ
CHLP,CHLP
NMFS,NMFS
LSRR,LSRR
CSSG,CSSG
PYHS,PYHS
ILDG,ILDG
MHWD,MHWD
QCNV,QCNV
QILA,QILA
QSCQ,QSCQ
QYTN,QYTN
WKPR,WKPR
RTHR,RTHR
FYMW,FYMW
SGGN,SGGN
CAHL,CAHL
HNIR,HNIR
MFKN,MFKN
KLTN,KLTN
CKGT,CKGT
CNHN,CNHN
FIVT,FIVT
MCWG,MCWG
TPPR,TPPR
FLEW,FLEW
QSHA,QSHA
DKAD,DKAD
DIVY,DIVY
MKVM,MKVM
TACP,TACP
TWNE,TWNE
HAYR,HAYR
VYRY,VYRY
PDKC,PDKC
WTCY,WTCY
AMWN,AMWN
FRFY,FRFY
IMRC,IMRC
VNPA,VNPA
RPDP,RPDP
TLEF,TLEF
DLNF,DLNF
TCPQ,TCPQ
VLRR,VLRR
WKWF,WKWF
VEHK,VEHK
DNEA,DNEA
DIVA,DIVA
FNSQ,FNSQ
QYTG,QYTG
WPSR,WPSR
VATT,VATT
CMIF,CMIF
EREH,EREH
LGKL,LGKL
AWQH,AWQH
KRCC,KRCC
MWCW,MWCW
VCGY,VCGY
SFFG,SFFG
TNRR,TNRR
LCVI,LCVI
DLSG,DLSG
LTIN,LTIN
NNDW,NNDW
QIFI,QIFI
DAQL,DAQL
DYRG,DYRG
HAWD,HAWD
TKKH,TKKH
HVPF,HVPF
CMSK,CMSK
HYAK,HYAK
CTHE,CTHE
ACLN,ACLN
ILRS,ILRS
RAHP,RAHP
TTCW,TTCW
LIFD,LIFD
YRPE,YRPE
GGEA,GGEA
LGSN,LGSN
HETY,HETY
HVYV,HVYV
PRLD,PRLD
WYCQ,WYCQ
TMQM,TMQM
QNRH,QNRH
PALF,PALF
FDHP,FDHP
DNET,DNET
AKLN,AKLN
IQGF,IQGF
IMHG,IMHG
NGPL,NGPL
NVCF,NVCF
LIFN,LIFN
WLAP,WLAP
WCGQ,WCGQ
SGWP,SGWP
HGFQ,HGFQ
GQFR,GQFR
NQER,NQER
GRAM,GRAM
GASV,GASV
VWLA,VWLA
QMMC,QMMC
YLMA,YLMA
FAEL,FAEL
KEYH,KEYH
GDFY,GDFY
RPQT,RPQT
MWVK,MWVK
GWVS,GWVS
WNKY,WNKY
LCRD,LCRD
CTKF,CTKF
VCYP,VCYP
SQFQ,SQFQ
YLSR,YLSR
HESM,HESM
MVRG,MVRG
LFEM,LFEM
TCLH,TCLH
LGEL,LGEL
WYLC,WYLC
GQRD,GQRD
PHGL,PHGL
WCDN,WCDN
MVVI,MVVI
RHYP,RHYP
WSMV,WSMV
YITL,YITL
DYHL,DYHL
MELW,MELW
REYD,REYD
VREK,VREK
NCTQ,NCTQ
HTWQ,HTWQ
YSHI,YSHI
WRIN,WRIN
QGAY,QGAY
NTQD,NTQD
YRLW,YRLW
LKYP,LKYP
HYKY,HYKY
AYQP,AYQP
GFCI,GFCI
GAMQ,GAMQ
YPSG,YPSG
YLNI,YLNI
LYPL,LYPL
SYCY,SYCY
VGVW,VGVW
NPPW,NPPW
NMNG,NMNG
RMSM,RMSM
YHGR,YHGR
LEPK,LEPK
FYYH,FYYH
TGVC,TGVC
GQWY,GQWY
IQDK,IQDK
HQWA,HQWA
TTYP,TTYP
RPIM,RPIM
HDEW,HDEW
EKFK,EKFK
TMNI,TMNI
EQLS,EQLS
VRIY,VRIY
RHQH,RHQH
HKWC,HKWC
RQDW,RQDW
NAEN,NAEN
QLGK,QLGK
PYFA,PYFA
QDPF,QDPF
LFFR,LFFR
FEQT,FEQT
CRYR,CRYR
NGVY,NGVY
KYLC,KYLC
GYMS,GYMS
NWHA,NWHA
MLWS,MLWS
NATQ,NATQ
WIMA,WIMA
AIGY,AIGY
PAEF,PAEF
MEIK,MEIK
AILP,AILP
ENWC,ENWC
SMID,SMID
APYM,APYM
PSCG,PSCG
ATSP,ATSP
FFDQ,FFDQ
FEYQ,FEYQ
RRLH,RRLH
QCLR,QCLR
CQFG,CQFG
SLWF,SLWF
PGFK,PGFK
KVDL,KVDL
INPN,INPN
LGAH,LGAH
YCGI,YCGI
YKIK,YKIK
YCPT,YCPT
KRGW,KRGW
YTHK,YTHK
GIPV,GIPV
IVYQ,IVYQ
VYNW,VYNW
TTDF,TTDF
MFNM,MFNM
PIRS,PIRS
PMWH,PMWH
QLLN,QLLN
PCIN,PCIN
VPWE,VPWE
VFNK,VFNK
WTTV,WTTV
SYPT,SYPT
RDVN,RDVN
CHPL,CHPL
HSYA,HSYA
KDTH,KDTH
LTNM,LTNM
GQPN,GQPN
VEWI,VEWI
RMLT,RMLT
ENRS,ENRS
RSMM,RSMM
GSCI,GSCI
SCEE,SCEE
PFKV,PFKV
YFDA,YFDA
DCLA,DCLA
HSHA,HSHA
MVGG,MVGG
FVDY,FVDY
LIYY,LIYY
DNQR,DNQR
DFVS,DFVS
VMLY,VMLY
ETIR,ETIR
MEME,MEME
NSRN,NSRN
EDEM,EDEM
MMGP,MMGP
QIQD,QIQD
QNTE,QNTE
VWFP,VWFP
KLIY,KLIY
WHYL,WHYL
RGWE,RGWE
WNTL,WNTL
WDGL,WDGL
RCEF,RCEF
FEFV,FEFV
ACGA,ACGA
WLEA,WLEA
NHYN,NHYN
WMEM,WMEM
YEEQ,YEEQ
CYGR,CYGR
QADC,QADC
AGVP,AGVP
MITR,MITR
QDPC,QDPC
FNWP,FNWP
EFHR,EFHR
NNPP,NNPP
WMVF,WMVF
DDRT,DDRT
ILAP,ILAP
DSNK,DSNK
DYMN,DYMN
HYTA,HYTA
YKDI,YKDI
TKIF,TKIF
LWIK,LWIK
RLRP,RLRP
EAGH,EAGH
WFHL,WFHL
TIET,TIET
RDIM,RDIM
CMIM,CMIM
AIFA,AIFA
YDGQ,YDGQ
DAFK,DAFK
CDYL,CDYL
DRKQ,DRKQ
EESF,EESF
IMQT,IMQT
CIKV,CIKV
WPTL,WPTL
RIAK,RIAK
PEKT,PEKT
HFHH,HFHH
HAHK,HAHK
PWLE,PWLE
QHTV,QHTV
AKAP,AKAP
GMMM,GMMM
MLCG,MLCG
KNAF,KNAF
TNPQ,TNPQ
GTYH,GTYH
WYEC,WYEC
GCDC,GCDC
FVMF,FVMF
AQTR,AQTR
SGLL,SGLL
VCFQ,VCFQ
FFHT,FFHT
QIDP,QIDP
QNLR,QNLR
EPYF,EPYF
KMMT,KMMT
WFTA,WFTA
DSQW,DSQW
CIVI,CIVI
RCFH,RCFH
CKSQ,CKSQ
KQLY,KQLY
FVHW,FVHW
GKKL,GKKL
VIDG,VIDG
FATV,FATV
ELCT,ELCT
LDNI,LDNI
NQIV,NQIV
ECMW,ECMW
YFHS,YFHS
YSAS,YSAS
WAKL,WAKL
NSWN,NSWN
DCMT,DCMT
HNLH,HNLH
TTAF,TTAF
TQLW,TQLW
KHMK,KHMK
NPKL,NPKL
VSIE,VSIE
NAFY,NAFY
CFCQ,CFCQ
PSSP,PSSP
RIPA,RIPA
EYHC,EYHC
LEQE,LEQE
VFEY,VFEY
TDRE,TDRE
PFRL,PFRL
LARK,LARK
ATQI,ATQI
AMPG,AMPG
KHTN,KHTN
MSKR,MSKR
AGWM,AGWM
DPND,DPND
GLYG,GLYG
MKCK,MKCK
CQQF,CQQF
CTCG,CTCG
AIRV,AIRV
DADI,DADI
MGDL,MGDL
FKGP,FKGP
NWLS,NWLS
CMSN,CMSN
EMRG,EMRG
WMEH,WMEH
GDDP,GDDP
SLIC,SLIC
INSK,INSK
DVHY,DVHY
YRMG,YRMG
IDHL,IDHL
MARL,MARL
WVCY,WVCY
CKEE,CKEE
VIYW,VIYW
IRTD,IRTD
QQRF,QQRF
TVAI,TVAI
YEKT,YEKT
LSSF,LSSF
HAWV,HAWV
RERS,RERS
SNGL,SNGL
ETEA,ETEA
DSPN,DSPN
SVTP,SVTP
VEHQ,VEHQ
LDNC,LDNC
EQPV,EQPV
LCPI,LCPI
NPPR,NPPR
HDFV,HDFV
MKGW,MKGW
CSFY,CSFY
KFPH,KFPH
CNYD,CNYD
SDMN,SDMN
CSDC,CSDC
TTTM,TTTM
HQVK,HQVK
ALQA,ALQA
VIGC,VIGC
IIHI,IIHI
IWPY,IWPY
HLDY,HLDY
YCIW,YCIW
HVGA,HVGA
WHIA,WHIA
ARVC,ARVC
SEFA,SEFA
PYKS,PYKS
QDWV,QDWV
GLKL,GLKL
VLEA,VLEA
KYAT,KYAT
GAKS,GAKS
WVLA,WVLA
DNTM,DNTM
WMGV,WMGV
HLYK,HLYK
TYHF,TYHF
LSHV,LSHV
RNCE,RNCE
KVQF,KVQF
DAIT,DAIT
RRML,RRML
MTSL,MTSL
LTKG,LTKG
AQNA,AQNA
CTTP,CTTP
IRQR,IRQR
QWCT,QWCT
HSHL,HSHL
QCPG,QCPG
MERP,MERP
IDGG,IDGG
CTDI,CTDI
WTVK,WTVK
AADY,AADY
CEGA,CEGA
ETAA,ETAA
AHNR,AHNR
WESS,WESS
TWDE,TWDE
QLPT,QLPT
FAAF,FAAF
TINK,TINK
QESG,QESG
DRNW,DRNW
YTWY,YTWY
TTCN,TTCN
VTFP,VTFP
PHRP,PHRP
RFEI,RFEI
PKEP,PKEP
QSCW,QSCW
VGYK,VGYK
PPYM,PPYM
GCDE,GCDE
DGIS,DGIS
HCWC,HCWC
WPIR,WPIR
KKMF,KKMF
VVVV,VVVV
GGMT,GGMT
YKNA,YKNA
ELAE,ELAE
HYVR,HYVR
IIEG,IIEG
LETR,LETR
TRKK,TRKK
KTWK,KTWK
CQHA,CQHA
PCLP,PCLP
WYVP,WYVP
FYGW,FYGW
IRPY,IRPY
SFEP,SFEP
DEAC,DEAC
MHIA,MHIA
FWPH,FWPH
YRMQ,YRMQ
ESAM,ESAM
WSWY,WSWY
MCIH,MCIH
FNDC,FNDC
EHFF,EHFF
TYAH,TYAH
SHSR,SHSR
YNMS,YNMS
TNCG,TNCG
ECIF,ECIF
HVFL,HVFL
WYEA,WYEA
SKEP,SKEP
LRAR,LRAR
PPFG,PPFG
TGNE,TGNE
WPHP,WPHP
CETQ,CETQ
QRMY,QRMY
VPLQ,VPLQ
ADVE,ADVE
HGEE,HGEE
VRGP,VRGP
VTPT,VTPT
ARRF,ARRF
HMLH,HMLH
RDWT,RDWT
PGVH,PGVH
DKEY,DKEY
PLPI,PLPI
SLHD,SLHD
WQVK,WQVK
PWSS,PWSS
REHK,REHK
NSNA,NSNA
KNCF,KNCF
EWPH,EWPH
MPQG,MPQG
DTEL,DTEL
RASG,RASG
CGHG,CGHG
DCYT,DCYT
YKCT,YKCT
DPPQ,DPPQ
QPIS,QPIS
ADYS,ADYS
GNMV,GNMV
FAAI,FAAI
DMQN,DMQN
IAEL,IAEL
TEER,TEER
DFAR,DFAR
DPHQ,DPHQ
PWAD,PWAD
PLWM,PLWM
KCHD,KCHD
MLEA,MLEA
MSEK,MSEK
DWMK,DWMK
FNNT,FNNT
YVCG,YVCG
NQHS,NQHS
IIAA,IIAA
PVVK,PVVK
LCPV,LCPV
QSWE,QSWE
IQCY,IQCY
EAKQ,EAKQ
CMFT,CMFT
THWG,THWG
IKKE,IKKE
KLPK,KLPK
VGHM,VGHM
TPEL,TPEL
RIRP,RIRP
ITGT,ITGT
WDRP,WDRP
WHKT,WHKT
SMCP,SMCP
NYKW,NYKW
HAAP,HAAP
PRWL,PRWL
YPKV,YPKV
SHDF,SHDF
TFKT,TFKT
RCPL,RCPL
ECWN,ECWN
CPFA,CPFA
PRNI,PRNI
NYAG,NYAG
RVDV,RVDV
KQGV,KQGV
RDKH,RDKH
AMYF,AMYF
IMDL,IMDL
STAM,STAM
GWFT,GWFT
SFNT,SFNT
IFGV,IFGV
EMMI,EMMI
GDLP,GDLP
IDFE,IDFE
PQFR,PQFR
NTPP,NTPP
CLWD,CLWD
NHYA,NHYA
ICMS,ICMS
HLHC,HLHC
KNDI,KNDI
AWPE,AWPE
PPCN,PPCN
WHLQ,WHLQ
AFMV,AFMV
VSFD,VSFD
WLNR,WLNR
AMID,AMID
HTGE,HTGE
MPCW,MPCW
TRTF,TRTF
WRMV,WRMV
ILIE,ILIE
GPKK,GPKK
SLQG,SLQG
FPVY,FPVY
WCLI,WCLI
MYCE,MYCE
GEQN,GEQN
MFME,MFME
KNKE,KNKE
HHLF,HHLF
VDQP,VDQP
YGVK,YGVK
CTLR,CTLR
HGYN,HGYN
VSEW,VSEW
QPYQ,QPYQ
QPNY,QPNY
HDSR,HDSR
HFTC,HFTC
MYHV,MYHV
LWNQ,LWNQ
PAMN,PAMN
PLPW,PLPW
PMTV,PMTV
YTDQ,YTDQ
FCER,FCER
QNNH,QNNH
SFDF,SFDF
RHQL,RHQL
DLHE,DLHE
KWKH,KWKH
MQRH,MQRH
NWET,NWET
QVCV,QVCV
EPEP,EPEP
VRSE,VRSE
ERMM,ERMM
TVRI,TVRI
GCMG,GCMG
MAWA,MAWA
DGLA,DGLA
LPCQ,LPCQ
THDF,THDF
TWYH,TWYH
IDAT,IDAT
SFSE,SFSE
WCHR,WCHR
NNTH,NNTH
QPHC,QPHC
EERR,EERR
EVIQ,EVIQ
LRWA,LRWA
LHIE,LHIE
DATT,DATT
ESDH,ESDH
TRHH,TRHH
HMGV,HMGV
HNVN,HNVN
MTLK,MTLK
KGSQ,KGSQ
GSGW,GSGW
VPTP,VPTP
RIGG,RIGG
GVQR,GVQR
ANVM,ANVM
TQHM,TQHM
CDGP,CDGP
EIQR,EIQR
SPTN,SPTN
QWNF,QWNF
TFFT,TFFT
VENC,VENC
LRKC,LRKC
AQML,AQML
ASGA,ASGA
VHYM,VHYM
QGRK,QGRK
TGCF,TGCF
KVLK,KVLK
MCIN,MCIN
APTA,APTA
LCNK,LCNK
CYLF,CYLF
FCYN,FCYN
ALGE,ALGE
QDQP,QDQP
VVFN,VVFN
LLSQ,LLSQ
GEYW,GEYW
PFGI,PFGI
MLQM,MLQM
FRDP,FRDP
EKST,EKST
GSER,GSER
HGPT,HGPT
LQGA,LQGA
VVDT,VVDT
IGFS,IGFS
ENWL,ENWL
SCCA,SCCA
WSNI,WSNI
ALCI,ALCI
DWFH,DWFH
GNDD,GNDD
NQWQ,NQWQ
KLHW,KLHW
WNNG,WNNG
EETS,EETS
HKKD,HKKD
YCIK,YCIK
YWKM,YWKM
MSLT,MSLT
HPMN,HPMN
GRGT,GRGT
GRNN,GRNN
HINF,HINF
HDIF,HDIF
AKKT,AKKT
HVVK,HVVK
RTEH,RTEH
QDKN,QDKN
VLVT,VLVT
VLIY,VLIY
PVWT,PVWT
NHTY,NHTY
EYRT,EYRT
ANAD,ANAD
KAQH,KAQH
VWCN,VWCN
EDHN,EDHN
DNMP,DNMP
PIEA,PIEA
TNIF,TNIF
RHLM,RHLM
FFWS,FFWS
SFVF,SFVF
IDEG,IDEG
SRIK,SRIK
WVGG,WVGG
ICKQ,ICKQ
HVKL,HVKL
YNER,YNER
IFNM,IFNM
MCTR,MCTR
KEKK,KEKK
SVDK,SVDK
IAYK,IAYK
LPNI,LPNI
DRWH,DRWH
STAC,STAC
CIQV,CIQV
ASVA,ASVA
EVQC,EVQC
TLMM,TLMM
YERP,YERP
GNII,GNII
HCGN,HCGN
RECT,RECT
HLKG,HLKG
TRRA,TRRA
RGES,RGES
KKDA,KKDA
EMFY,EMFY
ARCE,ARCE
VLTK,VLTK
AMHN,AMHN
LMQD,LMQD
EHGH,EHGH
QGSV,QGSV
NCWW,NCWW
RVSR,RVSR
IWRS,IWRS
EWMI,EWMI
VFSE,VFSE
IRLS,IRLS
APFF,APFF
YSWV,YSWV
ANAL,ANAL
VLPA,VLPA
HTDS,HTDS
GYKE,GYKE
YVDL,YVDL
MVLY,MVLY
ITVP,ITVP
GIHK,GIHK
QSIW,QSIW
ALGT,ALGT
NVTI,NVTI
GWVW,GWVW
LGYN,LGYN
YTCT,YTCT
QWAC,QWAC
AAMR,AAMR
DRAT,DRAT
CTCA,CTCA
GYAS,GYAS
FELH,FELH
ATPA,ATPA
DLMR,DLMR
FYAH,FYAH
WTNK,WTNK
QHFT,QHFT
NCCW,NCCW
DLFE,DLFE
LVLF,LVLF
FASE,FASE
ALQT,ALQT
DINN,DINN
WALA,WALA
CGGS,CGGS
GCSA,GCSA
FCNY,FCNY
DYTD,DYTD
SKMQ,SKMQ
FNDV,FNDV
VTAA,VTAA
LHEA,LHEA
LFVW,LFVW
ENHL,ENHL
EGCY,EGCY
HKGD,HKGD
NACC,NACC
HADF,HADF
TSNK,TSNK
ALHP,ALHP
MAHN,MAHN
EPEG,EPEG
TQRA,TQRA
QDVC,QDVC
YEPQ,YEPQ
WVNR,WVNR
CVQA,CVQA
AVVV,AVVV
RCSP,RCSP
FADC,FADC
TVQA,TVQA
VCSS,VCSS
HNMT,HNMT
FDNL,FDNL
IKKQ,IKKQ
NCEQ,NCEQ
MVHE,MVHE
LPIE,LPIE
FNLH,FNLH
VPLC,VPLC
AGPK,AGPK
AQIP,AQIP
SLSE,SLSE
SEVS,SEVS
DLSC,DLSC
HETF,HETF
GQRM,GQRM
YCEW,YCEW
GYNC,GYNC
CGEV,CGEV
TNGY,TNGY
PQEV,PQEV
PMSP,PMSP
EYLP,EYLP
LHSK,LHSK
ILRP,ILRP
RMFL,RMFL
CNAL,CNAL
IHQM,IHQM
QGES,QGES
DHCH,DHCH
CMPD,CMPD
LSVQ,LSVQ
WVPV,WVPV
AQKR,AQKR
EAKS,EAKS
DDTA,DDTA
HVLL,HVLL
RHTK,RHTK
AGAH,AGAH
PTGS,PTGS
VHDH,VHDH
WCII,WCII
QMGP,QMGP
HWWY,HWWY
KVGE,KVGE
SPPD,SPPD
AYLI,AYLI
TWFS,TWFS
TTKT,TTKT
QHHN,QHHN
IQYY,IQYY
AWFM,AWFM
ADKN,ADKN
SEIG,SEIG
SIRK,SIRK
CQCG,CQCG
NLWQ,NLWQ
MKCR,MKCR
NHYC,NHYC
DMAF,DMAF
EPMC,EPMC
LNCI,LNCI
NDPK,NDPK
SVAH,SVAH
YADM,YADM
ANDQ,ANDQ
QMNV,QMNV
PWMR,PWMR
VMHY,VMHY
PRRP,PRRP
DTTC,DTTC
KGMG,KGMG
NIFD,NIFD
CDFS,CDFS
CCKT,CCKT
QLDC,QLDC
HQKW,HQKW
NTWH,NTWH
PRFI,PRFI
YARD,YARD
PSED,PSED
HGFP,HGFP
RTAE,RTAE
HGQD,HGQD
ILLY,ILLY
QQDC,QQDC
IVGF,IVGF
VTFE,VTFE
RCTH,RCTH
VAQC,VAQC
WHFK,WHFK
YWGT,YWGT
PIPL,PIPL
HDFY,HDFY
HHML,HHML
GWSG,GWSG
SRSV,SRSV
IWDV,IWDV
HEIK,HEIK
YMYA,YMYA
LVEW,LVEW
VERV,VERV
KATH,KATH
TVIN,TVIN
EWNL,EWNL
HNYH,HNYH
ILRQ,ILRQ
ATHA,ATHA
SEVP,SEVP
VWNV,VWNV
TKCT,TKCT
RYYV,RYYV
KAKV,KAKV
SSAY,SSAY
LMCM,LMCM
VVHK,VVHK
QLVQ,QLVQ
VNGR,VNGR
SCVI,SCVI
VTVG,VTVG
HGRK,HGRK
MEDV,MEDV
ALRI,ALRI
PKHD,PKHD
QLRC,QLRC
DHIG,DHIG
CYWH,CYWH
WMAL,WMAL
YGAM,YGAM
VGSD,VGSD
EFYI,EFYI
CSNS,CSNS
EYTI,EYTI
NDYM,NDYM
PWST,PWST
TCPY,TCPY
HCDA,HCDA
SLDY,SLDY
VWLV,VWLV
FEKA,FEKA
IWPI,IWPI
QKRM,QKRM
FCDH,FCDH
YYHN,YYHN
NSMQ,NSMQ
LVME,LVME
HCDD,HCDD
NAGS,NAGS
MSVP,MSVP
DNQC,DNQC
LFCG,LFCG
VTTD,VTTD
SCKL,SCKL
RSSI,RSSI
RMCP,RMCP
MTQM,MTQM
LGRY,LGRY
KPWM,KPWM
RGPN,RGPN
ERWD,ERWD
IDRY,IDRY
LPML,LPML
PDAR,PDAR
HISK,HISK
TPCR,TPCR
MDDL,MDDL
GWMD,GWMD
CVTS,CVTS
LAID,LAID
TVKF,TVKF
MNVC,MNVC
IAQE,IAQE
IMHA,IMHA
WHSL,WHSL
KKGF,KKGF
KCPR,KCPR
THWR,THWR
FQYV,FQYV
IRTS,IRTS
KVRG,KVRG
ESEE,ESEE
TWLW,TWLW
DYNK,DYNK
SKTQ,SKTQ
IGAA,IGAA
EQMR,EQMR
GYVS,GYVS
IMCH,IMCH
GFNF,GFNF
EIVW,EIVW
PKFS,PKFS
IQIT,IQIT
VGYP,VGYP
KVPL,KVPL
EKTV,EKTV
DSLP,DSLP
SIHA,SIHA
EPPK,EPPK
MFHP,MFHP
LCKA,LCKA
VRAN,VRAN
WDPV,WDPV
GMAM,GMAM
NPGM,NPGM
VHNH,VHNH
WCNN,WCNN
ADNF,ADNF
AGSC,AGSC
VALE,VALE
AIGG,AIGG
PWVL,PWVL
GGMN,GGMN
VDWA,VDWA
WYGE,WYGE
PRMT,PRMT
APAM,APAM
DYDA,DYDA
GHSG,GHSG
YIPM,YIPM
ITEM,ITEM
YTAK,YTAK
RVWA,RVWA
AQPS,AQPS
YAYN,YAYN
WGWC,WGWC
MTGS,MTGS
ELVR,ELVR
QGED,QGED
LFPD,LFPD
YHGA,YHGA
PKIN,PKIN
QKRC,QKRC
KTRW,KTRW
PVQD,PVQD
NYSP,NYSP
DDWI,DDWI
GKAA,GKAA
FHAQ,FHAQ
HFVT,HFVT
KWLY,KWLY
VRQC,VRQC
TWER,TWER
AMEF,AMEF
HIWR,HIWR
VDEC,VDEC
FLDR,FLDR
MNTM,MNTM
SKNF,SKNF
IKER,IKER
NLMT,NLMT
QFMC,QFMC
KGSE,KGSE
HPNT,HPNT
EYYH,EYYH
FAPR,FAPR
VSDL,VSDL
DYME,DYME
EGKV,EGKV
SNGF,SNGF
QKPM,QKPM
FKST,FKST
EMPY,EMPY
TMCF,TMCF
FMDK,FMDK
VPYD,VPYD
PRRN,PRRN
WGPV,WGPV
MGPI,MGPI
KHDQ,KHDQ
YCSM,YCSM
MLAE,MLAE
CVEK,CVEK
MQAV,MQAV
WGCR,WGCR
RRVY,RRVY
GINC,GINC
QTSD,QTSD
RDLK,RDLK
IQTT,IQTT
KQDD,KQDD
FNYW,FNYW
CHHY,CHHY
YVCR,YVCR
RTKF,RTKF
MGEQ,MGEQ
CCRV,CCRV
SMQE,SMQE
DCNY,DCNY
DWKQ,DWKQ
IVFT,IVFT
PCHQ,PCHQ
SPSR,SPSR
FFTN,FFTN
WVDV,WVDV
MWRQ,MWRQ
CEDC,CEDC
NWGD,NWGD
GGHG,GGHG
SMRW,SMRW
WNEF,WNEF
GMRD,GMRD
WCTM,WCTM
VLGF,VLGF
VYHK,VYHK
LKSQ,LKSQ
MEDW,MEDW
DNGG,DNGG
DGIK,DGIK
VKEP,VKEP
DPWG,DPWG
RRET,RRET
LDMR,LDMR
WFND,WFND
SKDS,SKDS
ERIL,ERIL
IKIM,IKIM
ITRE,ITRE
DMNE,DMNE
FACL,FACL
ACDG,ACDG
SNPI,SNPI
QHSM,QHSM
PSGD,PSGD
IPLY,IPLY
TSVR,TSVR
FSAF,FSAF
IQKY,IQKY
NFST,NFST
WVGW,WVGW
